[{"model": "cards.language", "pk": 1, "fields": {"name": "Hindi", "code": "HI"}}, {"model": "cards.language", "pk": 2, "fields": {"name": "English", "code": "EN"}}, {"model": "cards.language", "pk": 3, "fields": {"name": "French", "code": "FR"}}, {"model": "cards.card", "pk": 1, "fields": {"text": "kuch bhi", "language": 1, "see_also": [2, 3]}}, {"model": "cards.card", "pk": 2, "fields": {"text": "kuch nahi", "language": 1, "see_also": [1, 3]}}, {"model": "cards.card", "pk": 3, "fields": {"text": "aur kuch?", "language": 1, "see_also": [1, 2, 9, 37]}}, {"model": "cards.card", "pk": 4, "fields": {"text": "barish ho rahi hai", "language": 1, "see_also": [36, 5, 38]}}, {"model": "cards.card", "pk": 5, "fields": {"text": "barish nahi ho rahi hai", "language": 1, "see_also": [4, 38]}}, {"model": "cards.card", "pk": 6, "fields": {"text": "nahi", "language": 1, "see_also": [7]}}, {"model": "cards.card", "pk": 7, "fields": {"text": "haanji", "language": 1, "see_also": [6]}}, {"model": "cards.card", "pk": 8, "fields": {"text": "signal se left", "language": 1, "see_also": []}}, {"model": "cards.card", "pk": 9, "fields": {"text": "aur kuch batao", "language": 1, "see_also": [3]}}, {"model": "cards.card", "pk": 10, "fields": {"text": "kya chal raha hai?", "language": 1, "see_also": []}}, {"model": "cards.card", "pk": 11, "fields": {"text": "aapka naam kya hai?", "language": 1, "see_also": [12]}}, {"model": "cards.card", "pk": 12, "fields": {"text": "tumhara naam kya hai?", "language": 1, "see_also": [11]}}, {"model": "cards.card", "pk": 13, "fields": {"text": "kya khana khaya aapne?", "language": 1, "see_also": []}}, {"model": "cards.card", "pk": 14, "fields": {"text": "suno iski baat", "language": 1, "see_also": []}}, {"model": "cards.card", "pk": 15, "fields": {"text": "chalta hai?", "language": 1, "see_also": []}}, {"model": "cards.card", "pk": 16, "fields": {"text": "chalo", "language": 1, "see_also": [17]}}, {"model": "cards.card", "pk": 17, "fields": {"text": "chale?", "language": 1, "see_also": [16]}}, {"model": "cards.card", "pk": 18, "fields": {"text": "main tum se pyaar karta hoon", "language": 1, "see_also": []}}, {"model": "cards.card", "pk": 19, "fields": {"text": "main ne 40 rupees bola ta", "language": 1, "see_also": []}}, {"model": "cards.card", "pk": 20, "fields": {"text": "main aah raha hoon", "language": 1, "see_also": [21]}}, {"model": "cards.card", "pk": 21, "fields": {"text": "main ja raha hoon", "language": 1, "see_also": [20]}}, {"model": "cards.card", "pk": 22, "fields": {"text": "aap kaise ho?", "language": 1, "see_also": [24, 23]}}, {"model": "cards.card", "pk": 23, "fields": {"text": "main theek hoon", "language": 1, "see_also": [22, 27]}}, {"model": "cards.card", "pk": 24, "fields": {"text": "namaste", "language": 1, "see_also": [22]}}, {"model": "cards.card", "pk": 25, "fields": {"text": "teen logue", "language": 1, "see_also": [26]}}, {"model": "cards.card", "pk": 26, "fields": {"text": "eik, do, teen, chaar, paanch, che, saht, aht, no, das", "language": 1, "see_also": [25]}}, {"model": "cards.card", "pk": 27, "fields": {"text": "theek hai", "language": 1, "see_also": [23, 28, 42]}}, {"model": "cards.card", "pk": 28, "fields": {"text": "accha hai", "language": 1, "see_also": [27]}}, {"model": "cards.card", "pk": 29, "fields": {"text": "kyu?", "language": 1, "see_also": [30]}}, {"model": "cards.card", "pk": 30, "fields": {"text": "kyuki", "language": 1, "see_also": [29]}}, {"model": "cards.card", "pk": 31, "fields": {"text": "behen chod", "language": 1, "see_also": []}}, {"model": "cards.card", "pk": 32, "fields": {"text": "ho gaya", "language": 1, "see_also": [40, 39]}}, {"model": "cards.card", "pk": 33, "fields": {"text": "ye kya hai?", "language": 1, "see_also": [34, 35, 36]}}, {"model": "cards.card", "pk": 34, "fields": {"text": "kya hua", "language": 1, "see_also": [33, 35, 36]}}, {"model": "cards.card", "pk": 35, "fields": {"text": "kya hai?", "language": 1, "see_also": [33, 34, 36]}}, {"model": "cards.card", "pk": 36, "fields": {"text": "kya ho raha hai?", "language": 1, "see_also": [4, 33, 34, 35]}}, {"model": "cards.card", "pk": 37, "fields": {"text": "bas", "language": 1, "see_also": [3]}}, {"model": "cards.card", "pk": 38, "fields": {"text": "thodisi dhoop hai aaj!", "language": 1, "see_also": [4, 5, 39]}}, {"model": "cards.card", "pk": 39, "fields": {"text": "ho gaya aajka", "language": 1, "see_also": [32, 38, 40]}}, {"model": "cards.card", "pk": 40, "fields": {"text": "khatham ho gaya", "language": 1, "see_also": [32, 39]}}, {"model": "cards.card", "pk": 41, "fields": {"text": "kitna?", "language": 1, "see_also": []}}, {"model": "cards.card", "pk": 42, "fields": {"text": "Sab theek?", "language": 1, "see_also": [27]}}, {"model": "cards.cardtranslation", "pk": 1, "fields": {"text": "anything", "literal": "", "card": 1, "language": 2}}, {"model": "cards.cardtranslation", "pk": 2, "fields": {"text": "nothing", "literal": "", "card": 2, "language": 2}}, {"model": "cards.cardtranslation", "pk": 3, "fields": {"text": "anything else?", "literal": "", "card": 3, "language": 2}}, {"model": "cards.cardtranslation", "pk": 4, "fields": {"text": "it's raining (currently)", "literal": "", "card": 4, "language": 2}}, {"model": "cards.cardtranslation", "pk": 5, "fields": {"text": "it's not raining", "literal": "", "card": 5, "language": 2}}, {"model": "cards.cardtranslation", "pk": 6, "fields": {"text": "no", "literal": "", "card": 6, "language": 2}}, {"model": "cards.cardtranslation", "pk": 7, "fields": {"text": "yes", "literal": "", "card": 7, "language": 2}}, {"model": "cards.cardtranslation", "pk": 8, "fields": {"text": "turn left at the signal", "literal": "", "card": 8, "language": 2}}, {"model": "cards.cardtranslation", "pk": 9, "fields": {"text": "what's going on?", "literal": "", "card": 10, "language": 2}}, {"model": "cards.cardtranslation", "pk": 10, "fields": {"text": "what's your name? (formal)", "literal": "", "card": 11, "language": 2}}, {"model": "cards.cardtranslation", "pk": 11, "fields": {"text": "what is your name? (casual)", "literal": "", "card": 12, "language": 2}}, {"model": "cards.cardtranslation", "pk": 12, "fields": {"text": "what did you eat?", "literal": "", "card": 13, "language": 2}}, {"model": "cards.cardtranslation", "pk": 13, "fields": {"text": "listen to him/her", "literal": "", "card": 14, "language": 2}}, {"model": "cards.cardtranslation", "pk": 14, "fields": {"text": "does it work?", "literal": "", "card": 15, "language": 2}}, {"model": "cards.cardtranslation", "pk": 15, "fields": {"text": "let's go", "literal": "", "card": 16, "language": 2}}, {"model": "cards.cardtranslation", "pk": 16, "fields": {"text": "shall we go?", "literal": "", "card": 17, "language": 2}}, {"model": "cards.cardtranslation", "pk": 17, "fields": {"text": "I love you", "literal": "", "card": 18, "language": 2}}, {"model": "cards.cardtranslation", "pk": 18, "fields": {"text": "I told you 40 rupees", "literal": "", "card": 19, "language": 2}}, {"model": "cards.cardtranslation", "pk": 19, "fields": {"text": "I'm coming (presently)", "literal": "", "card": 20, "language": 2}}, {"model": "cards.cardtranslation", "pk": 20, "fields": {"text": "I'm going (presently)", "literal": "", "card": 21, "language": 2}}, {"model": "cards.cardtranslation", "pk": 21, "fields": {"text": "how are you? (formal)", "literal": "", "card": 22, "language": 2}}, {"model": "cards.cardtranslation", "pk": 22, "fields": {"text": "I'm doing fine", "literal": "", "card": 23, "language": 2}}, {"model": "cards.cardtranslation", "pk": 23, "fields": {"text": "hello (formal)", "literal": "", "card": 24, "language": 2}}, {"model": "cards.cardtranslation", "pk": 24, "fields": {"text": "three people", "literal": "", "card": 25, "language": 2}}, {"model": "cards.cardtranslation", "pk": 25, "fields": {"text": "one, two, three, four, five, six, seven, eight, nine, ten", "literal": "", "card": 26, "language": 2}}, {"model": "cards.cardtranslation", "pk": 26, "fields": {"text": "okay", "literal": "", "card": 27, "language": 2}}, {"model": "cards.cardtranslation", "pk": 27, "fields": {"text": "it's good", "literal": "", "card": 28, "language": 2}}, {"model": "cards.cardtranslation", "pk": 28, "fields": {"text": "why?", "literal": "", "card": 29, "language": 2}}, {"model": "cards.cardtranslation", "pk": 29, "fields": {"text": "because", "literal": "", "card": 30, "language": 2}}, {"model": "cards.cardtranslation", "pk": 30, "fields": {"text": "mother fucker", "literal": "sister fucker", "card": 31, "language": 2}}, {"model": "cards.cardtranslation", "pk": 31, "fields": {"text": "done", "literal": "", "card": 32, "language": 2}}, {"model": "cards.cardtranslation", "pk": 32, "fields": {"text": "tell me something else", "literal": "more something tell me", "card": 9, "language": 2}}, {"model": "cards.cardtranslation", "pk": 33, "fields": {"text": "what is this?", "literal": "", "card": 33, "language": 2}}, {"model": "cards.cardtranslation", "pk": 34, "fields": {"text": "what's happening here?", "literal": "", "card": 33, "language": 2}}, {"model": "cards.cardtranslation", "pk": 35, "fields": {"text": "what's happening?", "literal": "", "card": 34, "language": 2}}, {"model": "cards.cardtranslation", "pk": 36, "fields": {"text": "what is it?", "literal": "", "card": 35, "language": 2}}, {"model": "cards.cardtranslation", "pk": 37, "fields": {"text": "what is happening?", "literal": "", "card": 36, "language": 2}}, {"model": "cards.cardtranslation", "pk": 38, "fields": {"text": "enough / that's fine", "literal": "", "card": 37, "language": 2}}, {"model": "cards.cardtranslation", "pk": 39, "fields": {"text": "it's a little sunny out today!", "literal": "", "card": 38, "language": 1}}, {"model": "cards.cardtranslation", "pk": 40, "fields": {"text": "done for today", "literal": "", "card": 39, "language": 2}}, {"model": "cards.cardtranslation", "pk": 41, "fields": {"text": "it's all gone / empty", "literal": "it got over", "card": 40, "language": 2}}, {"model": "cards.cardtranslation", "pk": 42, "fields": {"text": "how much?", "literal": "", "card": 41, "language": 2}}, {"model": "cards.cardtranslation", "pk": 43, "fields": {"text": "combien?", "literal": "", "card": 41, "language": 3}}, {"model": "cards.cardtranslation", "pk": 44, "fields": {"text": "qu'est-ce que tu as mang\u00e9?", "literal": "", "card": 13, "language": 3}}, {"model": "cards.cardtranslation", "pk": 45, "fields": {"text": "everything OK?", "literal": "", "card": 42, "language": 2}}, {"model": "cards.person", "pk": 1, "fields": {"name": "Michael Snook", "facebook_name": "", "email": "", "languages": [1]}}, {"model": "cards.deck", "pk": 1, "fields": {"person": 1, "language": 1, "cards": [1, 2, 3, 4, 5, 6, 7, 8, 9, 10, 11, 12, 13, 14, 15, 16, 17, 18, 19, 20, 21, 22, 23, 24, 25, 26, 27, 28, 29, 30, 31, 32]}}]